<assembly xmlns="http://maven.apache.org/plugins/maven-assembly-plugin/assembly/1.1.2"
  xmlns:xsi="http://www.w3.org/2001/XMLSchema-instance"
  xsi:schemaLocation="http://maven.apache.org/plugins/maven-assembly-plugin/assembly/1.1.2 http://maven.apache.org/xsd/assembly-1.1.2.xsd">
  <id>assembly</id>
  <formats>
    <format>tar.gz</format>
  </formats>
  <includeBaseDirectory>true</includeBaseDirectory> <!-- disable the creation of root's distribution dir in the archive -->

  <fileSets>
    <fileSet>
      <directory>${basedir}/src/main/assembly/pro</directory>
      <includes>
        <include>*.sh</include>
      </includes>
      <fileMode>0755</fileMode>
      <outputDirectory>${file.separator}bin</outputDirectory>
    </fileSet>
    <fileSet>
      <directory>${basedir}/target</directory>
      <outputDirectory>${file.separator}lib</outputDirectory>
      <fileMode>0755</fileMode>
      <includes>
        <include>*.jar</include>
      </includes>
    </fileSet>
  </fileSets>
</assembly>
